{
    "settings": {
        "options": {
            "show_on_front": "posts",
            "featured-content": {
                "tag-id": 35890,
                "tag-name": "featured",
                "hide-tag": 0,
                "show-all": 1
            },
            "jetpack_global_styles": false
        },
        "theme_mods": {
            "0": false,
            "nav_menu_locations": [],
            "custom_css_post_id": -1
        },
        "headstart": {
            "mapped_id_options": [],
            "mapped_id_theme_mods": [],
            "keep_submenu_items": true
        }
    },
    "widgets": [],
    "content": [
        {
            "post_type": "page",
            "post_title": "Contact",
            "post_content": "<!-- wp:paragraph {\"style\":{\"typography\":{\"fontSize\":20}}} -->\n<p style=\"font-size:20px;\">1 Example Street,<br>Anytown, NY 10100 USA<\/p>\n<!-- \/wp:paragraph -->\n\n<!-- wp:paragraph {\"style\":{\"typography\":{\"fontSize\":20}}} -->\n<p style=\"font-size:20px;\"><a href=\"mailto:contact@example.com\">contact@example.com<\/a><br>(012) 345 67 89<\/p>\n<!-- \/wp:paragraph -->\n\n<!-- wp:social-links -->\n<ul class=\"wp-block-social-links\"><!-- wp:social-link {\"url\":\"\",\"service\":\"wordpress\"} \/-->\n\n<!-- wp:social-link {\"url\":\"#\",\"service\":\"facebook\"} \/-->\n\n<!-- wp:social-link {\"url\":\"#\",\"service\":\"twitter\"} \/-->\n\n<!-- wp:social-link {\"url\":\"#\",\"service\":\"instagram\"} \/-->\n\n<!-- wp:social-link {\"service\":\"linkedin\"} \/-->\n\n<!-- wp:social-link {\"service\":\"youtube\"} \/--><\/ul>\n<!-- \/wp:social-links -->\n\n<!-- wp:spacer {\"height\":60} -->\n<div style=\"height:60px;\" aria-hidden=\"true\" class=\"wp-block-spacer\"><\/div>\n<!-- \/wp:spacer -->\n\n<!-- wp:jetpack\/contact-form {\"subject\":\"\",\"to\":\"\"} -->\n<!-- wp:jetpack\/field-name {\"required\":true} \/-->\n\n<!-- wp:jetpack\/field-email {\"required\":true} \/-->\n\n<!-- wp:jetpack\/field-textarea \/-->\n\n<!-- wp:jetpack\/button {\"element\":\"button\",\"text\":\"Submit\"} \/-->\n<!-- \/wp:jetpack\/contact-form -->\n\n<!-- wp:spacer {\"height\":60} -->\n<div style=\"height:60px;\" aria-hidden=\"true\" class=\"wp-block-spacer\"><\/div>\n<!-- \/wp:spacer -->",
            "post_name": "contact",
            "post_excerpt": "",
            "menu_order": 3,
            "post_status": "publish",
            "comment_status": "closed",
            "ping_status": "closed",
            "_starter_page_template": "blank",
            "hs_old_id": 75,
            "hs_post_parent": 0,
            "hs_taxonomies": [],
            "hs_custom_meta": "_hs_extra"
        },
        {
            "post_type": "page",
            "post_title": "About",
            "post_content": "<!-- wp:heading {\"level\":1,\"style\":{\"typography\":{\"lineHeight\":\"1.3\",\"fontSize\":53}}} -->\n<h1 id=\"zoologist-is-a-blog-dedicated-to-everything-having-to-do-with-the-animal-kingdom\" style=\"font-size:53px;line-height:1.3;\"><strong>Zoologist is a blog dedicated to everything having to do with the animal kingdom.<\/strong><\/h1>\n<!-- \/wp:heading -->\n\n<!-- wp:spacer {\"height\":80} -->\n<div style=\"height:80px;\" aria-hidden=\"true\" class=\"wp-block-spacer\"><\/div>\n<!-- \/wp:spacer -->\n\n<!-- wp:paragraph -->\n<p>About the Authors:<\/p>\n<!-- \/wp:paragraph -->\n\n<!-- wp:spacer {\"height\":10} -->\n<div style=\"height:10px;\" aria-hidden=\"true\" class=\"wp-block-spacer\"><\/div>\n<!-- \/wp:spacer -->\n\n<!-- wp:columns -->\n<div class=\"wp-block-columns\"><!-- wp:column -->\n<div class=\"wp-block-column\"><!-- wp:heading {\"textAlign\":\"left\",\"level\":3} -->\n<h3 class=\"has-text-align-left\" id=\"sarah-edwards\">Sarah Edwards<\/h3>\n<!-- \/wp:heading -->\n\n<!-- wp:paragraph -->\n<p>Sarah is a zoologist at Anthem State University. Her love for all things underground was sparked in Kindergarten when she unearthed a toy that someone left buried in the sandbox.<\/p>\n<!-- \/wp:paragraph -->\n\n<!-- wp:social-links {\"iconColor\":\"secondary\",\"iconColorValue\":\"#FFFFFF\",\"className\":\"is-style-logos-only\"} -->\n<ul class=\"wp-block-social-links has-icon-color is-style-logos-only\"><!-- wp:social-link {\"url\":\"#\",\"service\":\"wordpress\"} \/-->\n\n<!-- wp:social-link {\"url\":\"#\",\"service\":\"instagram\"} \/--><\/ul>\n<!-- \/wp:social-links --><\/div>\n<!-- \/wp:column -->\n\n<!-- wp:column -->\n<div class=\"wp-block-column\"><!-- wp:heading {\"level\":3} -->\n<h3 id=\"angelo-ortiz\">Angelo Ortiz<\/h3>\n<!-- \/wp:heading -->\n\n<!-- wp:paragraph -->\n<p>Angelo is an independent researcher and hobbyist. His collection of gemstones rivals that of some museums. Angelo is always on the lookout for a new discovery, and carries his toolkit everywhere.<\/p>\n<!-- \/wp:paragraph -->\n\n<!-- wp:social-links {\"iconColor\":\"secondary\",\"iconColorValue\":\"#FFFFFF\",\"className\":\"is-style-logos-only\"} -->\n<ul class=\"wp-block-social-links has-icon-color is-style-logos-only\"><!-- wp:social-link {\"url\":\"#\",\"service\":\"instagram\"} \/-->\n\n<!-- wp:social-link {\"url\":\"#\",\"service\":\"twitter\"} \/--><\/ul>\n<!-- \/wp:social-links --><\/div>\n<!-- \/wp:column --><\/div>\n<!-- \/wp:columns -->",
            "post_name": "about",
            "post_excerpt": "",
            "menu_order": 2,
            "post_status": "publish",
            "comment_status": "closed",
            "ping_status": "closed",
            "_starter_page_template": "blank",
            "hs_old_id": 71,
            "hs_post_parent": 0,
            "hs_taxonomies": [],
            "hs_custom_meta": "_hs_extra"
        },
        {
            "post_type": "post",
            "post_title": "Green Peacock",
            "post_content": "<!-- wp:paragraph -->\n<p>The serene and starry sky and the shining sun are peacocks. The calm, azure heavens, bespangled with a thousand stars, a thousand brilliant eyes, and the sun rich with the colours of the rainbow, offer the appearance of a peacock in all the splendour of its eye-besprinkled feathers.<\/p>\n<!-- \/wp:paragraph -->\n\n<!-- wp:paragraph -->\n<p>When the sky or the thousand-rayed sun (sahasr\u00e2n\u00e7us) is hidden in the clouds, or veiled by the autumnal waters, it again resembles the peacock, which, in the dark part of the year, like a great number of vividly-coloured birds, sheds its beautiful plumage, and becomes dark and unadorned; the crow which had put the peacock's feathers on then returns to caw amongst the funereal crows. <\/p>\n<!-- \/wp:paragraph -->\n\n<!-- wp:paragraph -->\n<p>In winter the peacock-crow has nothing remaining to it except its disagreeable and shrill cry, not dissimilar to that of the crows. It is commonly said of the peacock that it has an angel's feathers, a devil's voice, and a thief's walk. The crow-peacock is proverbial.<\/p>\n<!-- \/wp:paragraph -->",
            "post_name": "green-peacock",
            "post_excerpt": "",
            "menu_order": 0,
            "post_status": "publish",
            "comment_status": "closed",
            "ping_status": "closed",
            "_starter_page_template": "",
            "hs_old_id": 9,
            "hs_post_parent": 0,
            "hs_taxonomies": {
                "category_name": [
                    "Uncategorized"
                ],
                "post_tag_name": []
            },
            "hs_custom_meta": "_hs_extra",
            "attachment_url": "https:\/\/zoologistdemo.files.wordpress.com\/2021\/10\/spike-crested-peacock.jpg"
        },
        {
            "post_type": "post",
            "post_title": "Egyptian Locust",
            "post_content": "<!-- wp:paragraph -->\n<p>According to Onesicritus, in those parts of India where there is no shadow, the men attain the height of five cubits and two palms, and their life is prolonged to one hundred and thirty years; they die without any symptoms of old age, and just as if they were in the middle period of life. Pergannes calls the Indians, whose age exceeds one hundred years, by the name of Gymnet\u00e6; but not a few authors style them Macrobii.<br><br>Ctesias mentions a tribe of them, known by the name of Pandore, whose locality is in the valleys, and who live to their two-hundredth year; their hair is white in youth, and becomes black in old age. On the other hand, there are some people joining up to the country of the Macrobii, who never live beyond their fortieth year, and their females have children once only during their lives.<br><br>This circumstance is also mentioned by Agatharchides, who states, in addition, that they live on locusts, and are very swift of foot. Clitarchus and Megasthenes give these people the name of Mandi, and enumerate as many as three hundred villages which belong to them. Their women are capable of bearing children in the seventh year of their age, and become old at forty.<br><br>Artemidorus states that in the island of Taprobane (Ceylon) life is prolonged to an extreme length, while at the same time, the body is exempt from weakness. Among the Caling\u00e6, a nation also of India, the women conceive at five years of age, and do not live beyond their eighth year. In other places again, there are men born with long hairy tails, and of remarkable swiftness of foot; while there are others that have ears so large as to cover the whole body.<\/p>\n<!-- \/wp:paragraph -->",
            "post_name": "egyptian-locust",
            "post_excerpt": "",
            "menu_order": 0,
            "post_status": "publish",
            "comment_status": "closed",
            "ping_status": "closed",
            "_starter_page_template": "",
            "hs_old_id": 86,
            "hs_post_parent": 0,
            "hs_taxonomies": {
                "category_name": [
                    "Uncategorized"
                ],
                "post_tag_name": []
            },
            "hs_custom_meta": "_hs_extra",
            "attachment_url": "https:\/\/zoologistdemo.files.wordpress.com\/2021\/09\/egyptian-locust.jpg"
        },
        {
            "post_type": "post",
            "post_title": "Rottlerian Mackerel",
            "post_content": "<!-- wp:paragraph -->\n<p>\u201cHe had all the body of a fish, but below the head of the fish another head, which was that of a man; also the feet of a man, which came out of its fish\u2019s tail. He had a human voice, and its image is preserved to this day.\u201d<\/p>\n<!-- \/wp:paragraph -->",
            "post_name": "rottlerian-mackerel",
            "post_excerpt": "",
            "menu_order": 0,
            "post_status": "publish",
            "comment_status": "closed",
            "ping_status": "closed",
            "_starter_page_template": "",
            "hs_old_id": 62,
            "hs_post_parent": 0,
            "hs_taxonomies": {
                "category_name": [
                    "Uncategorized"
                ],
                "post_tag_name": []
            },
            "hs_custom_meta": "_hs_extra",
            "attachment_url": "https:\/\/zoologistdemo.files.wordpress.com\/2021\/11\/rottlerian-mackerel-fish.jpg"
        },
        {
            "post_type": "wp_navigation",
            "post_title": "Header navigation",
            "post_content": "<!-- wp:navigation-link {\"label\":\"Home\",\"url\":\"http:\/\/Home\",\"kind\":\"custom\",\"isTopLevelLink\":true} \/-->\n\n<!-- wp:navigation-link {\"label\":\"About\",\"type\":\"page\",\"id\":71,\"url\":\"https:\/\/zoologistdemo.wordpress.com\/about\/\",\"kind\":\"post-type\",\"isTopLevelLink\":true} \/-->\n\n<!-- wp:navigation-link {\"label\":\"Contact\",\"type\":\"page\",\"id\":75,\"url\":\"https:\/\/zoologistdemo.wordpress.com\/contact\/\",\"kind\":\"post-type\",\"isTopLevelLink\":true} \/-->",
            "post_name": "header-navigation",
            "post_excerpt": "",
            "menu_order": 0,
            "post_status": "publish",
            "comment_status": "closed",
            "ping_status": "closed",
            "_starter_page_template": "",
            "hs_old_id": 152,
            "hs_post_parent": 0,
            "hs_taxonomies": [],
            "hs_custom_meta": "_hs_extra"
        }
    ],
    "menus": [],
    "images": [
        "https:\/\/zoologistdemo.files.wordpress.com\/2021\/09\/egyptian-locust.jpg",
        "https:\/\/zoologistdemo.files.wordpress.com\/2021\/11\/rottlerian-mackerel-fish.jpg",
        "https:\/\/zoologistdemo.files.wordpress.com\/2021\/10\/spike-crested-peacock.jpg"
    ],
    "meta": {
        "blog_id": 198377826,
        "url": "https:\/\/zoologistdemo.wordpress.com",
        "update_date": "November 18, 2022, 3:19 pm",
        "update_timestamp": 1668784777
    }
}
